,0
0,@hotmail
1,@gmail
2,@yahoo
3,@outlook
4,@vivo
5,@ism
6,@dglnet
7,@bol
8,@ig
9,@arrojo
10,@icloud
11,@kadumarine
12,@uol
13,@cmpf
14,@fmfstandes
15,@terra
16,@ibest
17,@joardo
18,@fortalnet
19,@visualbyte
20,@coopmil
21,@portoweb
22,@live
23,@autometal
24,@yanschons
25,@outook
26,@ambev
27,@tba
28,@zaz
29,@aol
30,@pop
31,@pmvilaflores
32,@senado
33,@sanearpragas
34,@forum
35,@me
36,@estrellagalicia
37,@ngxit
38,@colaborador
39,@parolaconteudo
40,@printlaser
41,@irroba
42,@ftbrasil
43,@eln
44,@gamail
45,@mapfre
46,@msn
47,@w-maqempilhadeiras
48,@linkbr
49,@rumolog
50,@total-go
51,@taag
52,@unisul
53,@compagas
54,@netsite
55,@truepower
56,@sigma
57,@evandromota
58,@inovasite
59,@alecrim
60,@ymail
61,@fordcenter
62,@ifacteep
63,@globomail
64,@waltinhojjhotmai
65,@csn
66,@ix
67,@jabu
68,@expressoadorno
69,@life
70,@grandecoreia
71,@positivo
72,@cin
73,@furukawa
74,@cvpvacinas
75,@citi
76,@rudnick
77,@trw
78,@kviva
79,@fadisma
80,@marketingi9
81,@academiaondina
82,@rangelconstrucoes
83,@bcb
84,@htomail
85,@zipmail
86,@ntrv
87,@monbras
88,@conquistacred
89,@confiale
90,@unetvale
91,@gotadaguabahia
92,@riopreto
93,@unimedvx
94,@facasper
95,@agapeinternet
96,@absolutaimobiliaria
97,@primmaservicos
98,@unitintas
99,@hanairam
100,@descubrearomaterapia
101,@valecross
102,@leonfer
103,@foxtubo
104,@marvitubos
105,@maxtitanium
106,@apucaleather
107,@alumistarcomponentes
108,@omdistribuidora
109,@premierbrindes
110,@trolrepresentacoes
111,@sitroneletro
112,@planetaclean
113,@paranabones
114,@novacao
115,@motodax
116,@microdestilariahof
117,@metalurgicabranda
118,@lucchi
119,@litoralquadriciclos
120,@kalylimoveis
121,@interativos
122,@creditoreal
123,@arqvinilpiscinas
124,@angrainn
125,@albario
126,@brcasa
127,@gambatto
128,@convex
129,@sescgo
130,@superig
131,@solenis
132,@mako
133,@sandoz
134,@mecan
135,@goiascaminhoes
136,@mps
137,@mdimobiliaria
138,@grupoquinta
139,@carloscunha
140,@sulamercia
141,@danone
142,@morena
143,@marcetex
144,@tecnocapital
145,@ponfac
146,@koerich
147,@tce
148,@mackenzie
149,@karsten
150,@globo
151,@vidroporto
152,@pucpr
153,@praimer
154,@sap
155,@transportesyasmin
156,@conectionviper
157,@accenture
158,@infonet
159,@pmmc
160,@prominas
161,@grupophenix
162,@hydra
163,@abril
164,@trixmoveis
165,@sefa
166,@matriz
167,@alphavilleribeiraopreto
168,@casadasfuradeiras
169,@dolly
170,@massuia
171,@vega
172,@hotma
173,@interlifts
174,@toigosa
175,@mecanicatito
176,@walterbeltrame
177,@brasilrad
178,@bearbone
179,@randon
180,@erstransportes
181,@tg7tec
182,@segsat
183,@traderslog
184,@planitelinstalacoes
185,@expametal
186,@dugraf
187,@burgerx
188,@sondaprocwork
189,@seedcorp
190,@autoglass
191,@superpan
192,@petrobras
193,@unochapeco
194,@hotmali
195,@idaza
196,@cantinhodamamae
197,@canadaonline
198,@itesapar
199,@rossiresidencial
200,@ford
201,@urias
202,@dnocs
203,@mp
204,@tellespires
205,@aramepar
206,@scottoiler
207,@excelsuprimentos
208,@imobiliariaresidencial
209,@silpa
210,@veronicadorey
211,@adfashion
212,@emgdobrasil
213,@uses
214,@dircedecoracoes
215,@grupoalltech
216,@tarcisiodelgado
217,@br
218,@devolva
219,@hmail
220,@sandaloimoveis
221,@splashservice
222,@dallbel
223,@lsm
224,@supremaincorporadora
225,@uniaoinfo
226,@orleans
227,@fetus
228,@estado
229,@drsys
230,@conthey
231,@cepe
232,@canalmidiadigital
233,@calesita
234,@barranda
235,@partake
236,@seabox
237,@superviza
238,@paulopio
239,@desantis
240,@cnbb
241,@ivloud
242,@startape
243,@nts
244,@tjgo
245,@my
246,@mideacarrier
247,@allnet
248,@globaltur
249,@cat
250,@sottocar
251,@atarde
252,@magalhaeslogistica
253,@diversaoearteproducoes
254,@vwfs
255,@sofiltros
256,@supermax-brasil
257,@kanopus
258,@smaff
259,@contax
260,@gc
261,@pontofrio
262,@alephtav
263,@solucao
264,@sti
265,@rgpark
266,@realizaimoveis
267,@pariseventos
268,@novacontsantos
269,@telefonica
270,@despachante77
271,@fsh
272,@prounha
273,@rocketmail
274,@imovestsm
275,@aasp
276,@gmil
277,@sercomtel
278,@galdino
279,@alberts
280,@calvest
281,@hotmqil
282,@telus
283,@compline
284,@correioweb
285,@seisolucoes
286,@sbcorretora
287,@cardiol
288,@brturbo
289,@trixengenharia
290,@novaplast
291,@fusesc
292,@claro
293,@sem
294,@kess
295,@noguesmoyano
296,@machadobrindes
297,@construtoramacuco
298,@asbrav
299,@v-expressa
300,@sebastiaorodriguescardoso
301,@sicoob-ba
302,@scs
303,@sbsengenharia
304,@hrbra
305,@hacktheplanet
306,@stokfiscal
307,@reidoacaipiracicaba
308,@oliveirasimoveisrs
309,@imobiliariatradicao
310,@orange
311,@2umidia
312,@saint-gobain
313,@moveishassan
314,@sambo
315,@praiagrande
316,@ipratos
317,@cademinhacapinha
318,@direitco
319,@s
320,@simworx
321,@cidadeinternet
322,@lingoware
323,@donahilda
324,@b7vendas
325,@rbcondominios
326,@wln
327,@mideacarries
328,@brasilvision
329,@pro
330,@correios
331,@alcatel
332,@rekynt
333,@rewenda
334,@web-inc
335,@csipc
336,@yauu
337,@duluz
338,@cdlbrasil
339,@volee
340,@savvy
341,@guabi
342,@ultragaz
343,@praxair
344,@spi
345,@cemar-ma
346,@hotmil
347,@paschoali
348,@zup
349,@oficialos
350,@jmservicos
351,@braskem
352,@mncontabilidade
353,@radicigroup
354,@univali
355,@pernambucanas
356,@champagnatveiculos
357,@voeares
358,@santossilveiro
359,@primordialseguros
360,@digaolanches
361,@cebrasc
362,@canever
363,@aseguros
364,@pneumar
365,@grace
366,@votoran
367,@grendene
368,@taroba
369,@policiamilitar
370,@transfer-rs
371,@eletricabeb
372,@rep
373,@st
374,@oscarsalgado
375,@seicom
376,@cibrafertil
377,@mppr
378,@daydejbc
379,@brasal
380,@lanlink
381,@onda
382,@rincko
383,@itaseguros
384,@monsanto
385,@midiaparaartistas
386,@catolicasc
387,@opendf
388,@bhnet
389,@tarrillarestaurante
390,@omegabrasil
391,@deltaveiculos
392,@conecttasoftwares
393,@ccbconstrutora
394,@bailly
395,@uspedra
396,@rycapell
397,@nobre
398,@jandinox
399,@starmedia
400,@sulpecas
401,@tecnocalconstrutora
402,@sadin
403,@protork
404,@heitec
405,@caoa
406,@solvi
407,@softone
408,@pintadonabrasa
409,@solardasartes
410,@cambirelaimoveis
411,@grupolitoral
412,@renatocouto
413,@r7
414,@twabrasil
415,@sknet
416,@globalhouse
417,@ferropronto
418,@adv
419,@htm
420,@expressosaomiguel
421,@sader
422,@cshg
423,@bancodobrasil
424,@inbase
425,@coneccta
426,@rejuntamix
427,@knet
428,@verdesmares
429,@comolatti
430,@protrademkt
431,@rexturadvance
432,@redetotal
433,@redentorfilmes
434,@megaeletronicos
435,@servioeste
436,@sertemaq
437,@oaaa
438,@gramadomarmores
439,@barrilari
440,@edu
441,@realizasocietario
442,@tokstok
443,@golmail
444,@checkprinter
445,@vetorial
446,@imobiliariaortizimoveis
447,@rpinfo
448,@coferatacadista
449,@prumus
450,@lexxanet
451,@via-rs
452,@bradescofinanciamentos
453,@tresnorio
454,@tipvisual
455,@vegadosul
456,@citara
457,@adeel
458,@aluguelpago
459,@outllok
460,@zene
461,@frigbm
462,@mandic
463,@santander
464,@cwi
465,@baurubkt
466,@foxembreagens
467,@enerbrax
468,@deberton
469,@adsonealana
470,@cachoeiro
471,@wal-mart
472,@tklbrasil
473,@aedu
474,@aditex
475,@wavetec
476,@embratel
477,@cna
478,@ebm
479,@mpc
480,@gpcquimica
481,@computer
482,@animei
483,@goncalves
484,@brnet
485,@hptmail
486,@csgengenharia
487,@stratuseventos
488,@pjsgeologia
489,@netprata
490,@gitex
491,@clinicaleger
492,@tjpr
493,@visualtendas
494,@buckman
495,@exacom
496,@reis
497,@weirbrasil
498,@tipoengenharia
499,@tempotelefonia
500,@pedrazzini
501,@lovedatk
502,@formalegno
503,@daruma
504,@unimedsc
505,@enfil
506,@motorola
507,@divinofogao
508,@advogadosamc
509,@casablancaturismo
510,@cultura
511,@santiagoatacadista
512,@newsearch
513,@grupozari
514,@decoreitalinea
515,@itau
516,@adventistas
517,@provale
518,@gr
519,@advocaciadetros
520,@cleaner
521,@mult
522,@pmdf
523,@jprlogistica
524,@viavarejo
525,@hsbc
526,@redevital
527,@brotolegal
528,@souzarebello
529,@acesscom
530,@loja4
531,@gmx
532,@negrelloneto
533,@logistock
534,@credlider
535,@grupoimport
536,@sintsepgo
537,@gf10
538,@svn
539,@ravplacas
540,@teknamontagens
541,@oakl0oouiiutllook
542,@kdoask
543,@mre
544,@mariaemilia
545,@nnovaimobiliaria
546,@naotem
547,@salesforce
548,@iclud
549,@proplastik
550,@libertyseguros
551,@specmon
552,@nilva
553,@supermercadoporto
554,@grupoacontece
555,@xcelltelecom
556,@creps
557,@targtransportes
558,@clicrbs
559,@mundilux
560,@longlife
561,@protonmail
562,@inbox
563,@lavronorte
564,@engeplas
565,@windowslive
566,@veigaadvogadoste
567,@lscastro
568,@fwcarvalho
569,@ghana
570,@lnximoveis
571,@rizzoamaral
572,@itau-unibanco
573,@tem
574,@clm
575,@nao
576,@operacionaltextil
577,@dzs
578,@transaex
579,@n
580,@aneel
581,@anchietacontabilidade
582,@mvp
583,@agrale
584,@wilsonsons
585,@recife
586,@keynet
587,@marista
588,@fapex
589,@lpcc
590,@plimor
591,@itwchem
592,@tj
593,@solidrental
594,@fazenda
595,@friendsnet
596,@rsrefeicoes
597,@primeimobiliariabauru
598,@primehyundai
599,@alemdarenda
600,@brasilfoods
601,@skynew
602,@sp
603,@sigmanet
604,@rmnempreendimentos
605,@estapar
606,@saude
607,@remelt
608,@reidocompensado
609,@weg
610,@rodolete
611,@mercagril
612,@unimedcampinas
613,@cl-a
614,@ibpc
615,@deloitte
616,@tsur
617,@vivax
618,@oai
619,@mdlz
620,@metecnologia
621,@deltcom
622,@theblackbeef
623,@rcjuridico
624,@grupotriunfo
625,@dervinsa
626,@merck
627,@tim
628,@netservicos
629,@imperadordosimoveis
630,@amsnet
631,@marxsoftware
632,@biofleur
633,@sol
634,@supermercadoclubdecampo
635,@sdnet
636,@barbacena
637,@gmaip
638,@g
639,@munizadv
640,@web
641,@mulhercheirosa
642,@dermacor
643,@italnet
644,@vinomar
645,@sevenplus
646,@bb
647,@ecloud
648,@qualycream
649,@jbsfoods
650,@tuicial
651,@artfloor
652,@poli
653,@detrick
654,@unoescjba
655,@sanepar
656,@redesul
657,@grupodallascar
658,@directnet
659,@mgatecnologia
660,@favorit
661,@bertaseguros
662,@remasa
663,@babilonia
664,@dell
665,@mercosistem
666,@rfb
667,@custom
668,@bariguicorretora
669,@defensoria
670,@iron
671,@ssnet
672,@cativa
673,@guerra
674,@maradel
675,@xn--gmai-3oa
676,@transborelli
677,@nkrimobiliaria
678,@dpu
679,@tvcparana
680,@imobiliariaghisleni
681,@firepaineis
682,@fieam
683,@delafina
684,@marcopolo
685,@joape
686,@pucrs
687,@zluky
688,@multimarcaseditoriais
689,@menoncin
690,@m
691,@hotsecrets
692,@saneago
693,@mekcoffee
694,@postoscoqueiro
695,@ligglobal
696,@caixa
697,@rdsgroupbr
698,@amvac
699,@uprealiza
700,@sauper
701,@adaxa
702,@scania
703,@utc
704,@ny
705,@savoy
706,@facebook
707,@showdevantagens
708,@agibank
709,@grupounimaq
710,@arcelormittal
711,@motoville
712,@ecolab
713,@zibell
714,@rcdpar
715,@marcenariaimbuia
716,@anvisa
717,@grifecacau
718,@inteligweb
719,@ixcsoft
720,@toniolo
721,@lukaimoveis
722,@antilhas
723,@alubras
724,@ifrnet
725,@iconet
726,@sefaz
727,@grupovoce
728,@grupodomani
729,@savanaproducoes
730,@infolink
731,@boccati
732,@locatoimoveis
733,@clinicassorrisodopovo
734,@belmmen
735,@vergueiroimoveis
736,@mercator10
737,@jmartinsimob
738,@isvanir
739,@imoveistoniolo
740,@imobiliariasolange
741,@ebdbr
742,@officenet
743,@nelsonpachecoimoveis
744,@griletto
745,@gmsil
746,@holdseg
747,@decioegoldenimoveis
748,@vmlyr
749,@libero
750,@pfizer
751,@transtecworld
752,@perdigao
753,@magrass
754,@frprodobens
755,@rrrecuperadoradeveiculos
756,@lapastanacaixa
757,@expressocafeteria
758,@pbcon
759,@tam
760,@goliveconsultoria
761,@redencao
762,@gamil
763,@fab
764,@agu
765,@villamobile
766,@wibra
767,@orium
768,@hbassessoriajuridica
769,@ciadoalarmecanela
770,@idealnet
771,@pastre
772,@aguasanta
773,@frs
774,@raima
775,@embraco
776,@vhsys
777,@kumasaka
778,@mopi
779,@flowserve
780,@rechtratores
781,@uesc
782,@pousadaondasdabrava
783,@uniplac
784,@kmatecnologia
785,@timbrasil
786,@berneck
787,@cvrd
788,@gpci
789,@jupedroso
790,@trt15
791,@sescpr
792,@alfatransporte
793,@megaimoveisvendas
794,@flabeg
795,@ribeiroimoveis
796,@cascadura
797,@unimes
798,@vivoempresasgo
799,@mevam
800,@lojascoppel
801,@sapo
802,@supermonte
803,@tjba
804,@tmdfriction
805,@essilor
806,@siapagronegocios
807,@receita
808,@fadine
809,@vw
810,@rcgdistribuidora
811,@pge
812,@mte
813,@mineracaocafe
814,@leonardorizzo
815,@fusao
816,@sibara
817,@torktransportes
818,@graelcorretora
819,@bedez
820,@tractebelenergia
821,@shoppinghouseimoveis
822,@grupohelpbrasil
823,@fasc
824,@grupopaodeacucar
825,@brasilgrass
826,@cmarceneiro
827,@cfjl
828,@imobiliariaconectaczo
829,@balancaspinhais
830,@auxiliadorapredial
831,@nortegubisian
832,@dfeseguragarantia
833,@netpar
834,@jeffersonamorin
835,@lideraviacao
836,@sitecbr
837,@qualityfilms
838,@maqpassempilhadeiras
839,@sirtec
840,@wabnet
841,@stilomovelaria
842,@faculdadefutura
843,@comunicamkt
844,@doctor
845,@lfc
846,@cambuci
847,@favrettopaineis
848,@solarbr
849,@esferaconfeccoes
850,@pelissari
851,@jpd
852,@luvep
853,@nevam
854,@cvc
855,@unico
856,@ictransporte
857,@oi
858,@salvador
859,@gemelo
860,@vta
861,@webgalery
862,@orionbrasil
863,@all4mobile
864,@bozzettocorretor
865,@ilbasilico
866,@igui
867,@nol
868,@casadasengrenagens
869,@carris
870,@vocedecarro
871,@trescoqueiros
872,@geokinetics
873,@protende
874,@essencis
875,@sistran
876,@teseprime
877,@suzano
878,@soumaisverde
879,@rigoralacres
880,@markaxempreendimentos
881,@parcorretora
882,@impersik
883,@h2print
884,@corretortrielo
885,@helenabimonti
886,@babson
887,@sigmafone
888,@adram
889,@fagorederlan
890,@cti
891,@flama
892,@dhommus
893,@mycaflex
894,@gsmconstrucao
895,@grupofamiliafreitas
896,@foxlaser
897,@danconsultoria
898,@damoreira
899,@homail
900,@rodriguesegomes
901,@lenis
902,@pc
903,@click21
904,@meggacomunicacao
905,@campinas
906,@santoander
907,@escola
908,@gilvangaldino
909,@asejur
910,@bnb
911,@terranoempreendimentos
912,@plavitec
913,@grupoativa
914,@powereletric
915,@edb
916,@clubedacarne
917,@sollagimobiliaria
918,@gersonmauri
919,@magazineluiza
920,@condominus-es
921,@sincobel
922,@reservanatural1
923,@redemultimidia
924,@neoprint
925,@joiasja
926,@dmametalurgica
927,@costateixeira
928,@coloretp
929,@isuport
930,@email
931,@theovr
932,@frsadvogados
933,@tejofran
934,@ibestvip
935,@rwusinagem
936,@asaexpress
937,@pontosec
938,@wktecnologia
939,@stilocarimports
940,@chicco
941,@mazak
942,@greenge
943,@verizon
944,@tca
945,@higicleansolucoes
946,@ieg
947,@energisa
948,@lassane
949,@terrafortetoyota
950,@propay
951,@formainox
952,@gruponp
953,@uniaoquimica
954,@ravelfiat
955,@grupomemorial
956,@volvo
957,@barretoeoliveira
958,@id
959,@clinfisiovida
960,@bradesco
961,@casaredo
962,@ih
963,@mundialmotos
964,@centromedicocpa
965,@majelahospitalar
966,@depositoterrapreta
967,@voeava
968,@tcconsultoria
969,@svariati
970,@superqualibem
971,@streckmetal
972,@skunk
973,@salisengenharia
974,@r2choperia
975,@paulorazz
976,@novothermas
977,@nanotec
978,@mouraeh
979,@institutodivas
980,@insatsu
981,@grupodeliverymenu
982,@friedfish
983,@fernandocorretordeimoveis
984,@fatcowbrasil
985,@evolucaoengenharia
986,@eny
987,@djohnmalhas
988,@diluplast
989,@construtoraventurin
990,@casamixpizzaria
991,@cabobrancoatlantico
992,@artgraphica
993,@americanburgerdelivery
994,@zcred
995,@spacenet
996,@brasilnet
997,@mdbrasil
998,@construtorahabil
999,@zootecnista
1000,@tigre
1001,@spfc
1002,@chemtreat
1003,@spraytecno
1004,@somatrade
1005,@quaco
1006,@pratiqsaude
1007,@metro4
1008,@globalnixaduana
1009,@emporiomixshoes
1010,@colombo
1011,@vgpadvogados
1012,@sascar
1013,@gnangmail
1014,@pasqualini
1015,@grupomassa
1016,@fernandaoliveiraimoveis
1017,@educacaoadventista
1018,@wms
1019,@tibacomunicacao
1020,@grupocomfama
1021,@felipecom
1022,@fegatto
1023,@amabcargas
1024,@televendas
1025,@portobrasil
1026,@farmellis
1027,@cittanet
1028,@fdsi
1029,@1712gemeil
1030,@rodavivalubrificantes
1031,@anamagazine
1032,@clcimoveis
1033,@gmai
1034,@mfintegracao
1035,@frnutran
1036,@escalametra
1037,@comercialhayashi
1038,@cemavel
1039,@esporte
1040,@metalforte
1041,@zaninpharma
1042,@upf
1043,@uai
1044,@universo
1045,@playx
1046,@farmasesi
1047,@cvigo
1048,@euromoldes
1049,@grupomabel
1050,@t-systems
1051,@hotfloor
1052,@contabilnogueira
1053,@adp
1054,@cartoriochacon
1055,@timedev
1056,@gliciooliveira
1057,@amauri
1058,@fernandesadvogados
1059,@outilook
1060,@ail
1061,@uptogo
1062,@acofebras
1063,@montcalm
1064,@ensinablumenal
1065,@asanet
1066,@tubolaronline
1067,@tupifilmes
1068,@efv
1069,@estanciabahia
1070,@dellagimoveis
1071,@comlumbiapaulista
1072,@neonet
1073,@unimep
1074,@tjrs
1075,@noblemartins
1076,@pertencer
1077,@gmaik
1078,@giustinne
1079,@flexoffices
1080,@escritoriosaojudas
1081,@eduardohenrich
1082,@neonimoveis
1083,@estudante
1084,@sponchiado
1085,@vfsco
1086,@beezsolucoes
1087,@folha
1088,@dimacar
1089,@congen
1090,@banestes
1091,@madamelulu
1092,@matrix
1093,@copel
1094,@transvalservicos
1095,@timetecnologia
1096,@interporti
1097,@unimedribeirao
1098,@belledevi
1099,@grupodem
1100,@cobev
1101,@cachacasalinas
1102,@routestone
1103,@fna
1104,@rastrosat
1105,@labtrade
1106,@hotelsagres
1107,@grupobrk
1108,@essencialsindico
1109,@sobresp
1110,@securitycontrol
1111,@senior-rp
1112,@evs-rs
1113,@costanorte
1114,@salixalba
1115,@gee
1116,@suspensys
1117,@tecnet
1118,@girase
1119,@dital
1120,@asfaltopav
1121,@alltbrasil
1122,@lifetech
1123,@cassianoricardo
1124,@institutosalgado
1125,@batselevadores
1126,@redemultimarket
1127,@tjmt
1128,@msc
1129,@barci
1130,@jocelinosoares
1131,@bomlugarimoveis
1132,@signsupply
1133,@regionalimoveis
1134,@trt18
1135,@logisticaoliveira
1136,@dsjenergia
1137,@linx
1138,@shoppinganalhafranco
1139,@expresspneus
1140,@hpelzer
1141,@elloscontabil
1142,@vpjalimentos
1143,@garciaautopecas
1144,@sassiimoveis
1145,@ufrgs
1146,@truvelvistorias
1147,@poaimob
1148,@dastur
1149,@japatemaki
1150,@one
1151,@santoandre
1152,@ufac
1153,@comshalom
1154,@ucs
1155,@paralelo
1156,@bradel
1157,@saga
1158,@titoonline
1159,@machadoincorporacao
1160,@sodexo
1161,@ifmg
1162,@hog
1163,@yara
1164,@sbt
1165,@sbcampo
1166,@saofrancisco
1167,@din
1168,@anie
1169,@glogtransportes
1170,@imobiliariapioner
1171,@imobiliariacamargo
1172,@imobiliariabatistella
1173,@vivabem
1174,@vcamaggi
1175,@samdias
1176,@otapetero
1177,@newlindoia
1178,@messiasdistribuicao
1179,@imoveisandra
1180,@hunterguns
1181,@grupoag4
1182,@caminhodagua
1183,@brunnooliveira
1184,@azulimoveis
1185,@roqueimoveis
1186,@furacao
1187,@rapidonet
1188,@metra
1189,@conectcor
1190,@confrariachoppgrill
1191,@coneccttga
1192,@irossi
1193,@magicel
1194,@fanconstrucoes
1195,@tecnooil
1196,@indusnova
1197,@intercommerce-br
1198,@lenemodas
1199,@vittobella
1200,@vitseg
1201,@jcluz
1202,@bombaecia
1203,@abijcsud
1204,@grupofachinas
1205,@newinc
1206,@camara
1207,@grupomc
1208,@lopes
1209,@jusfinance
1210,@bancamediolanum
1211,@grupomontesion
1212,@repocol
1213,@hotmaim
1214,@caxias
1215,@bwrcontabil
1216,@argonsoldas
1217,@acpdi
1218,@imobiliariacidadeimoveis
1219,@meta-gp
1220,@centerengenharia
1221,@serradagraciosa
1222,@atento
1223,@classycontabilidade
1224,@hec
1225,@grupocls
1226,@facilityselve
1227,@speedy
1228,@unisantos
1229,@auroraalimentos
1230,@dow
1231,@kcarony
1232,@utfpr
1233,@fluirincendio
1234,@agencialoop
1235,@lupatech
1236,@jsantos
1237,@harrisoninvestimentos
1238,@grandebahia
1239,@altoqi
1240,@cbmerj
1241,@segplus
1242,@pecluminosos
1243,@odontots
1244,@jservice
1245,@construtoraerp
1246,@himaslex
1247,@cea
1248,@massimaalimentacao
1249,@einstein
1250,@dumanseadvogados
1251,@uerj
1252,@vendasbueno
1253,@saintjohn
1254,@puriplan
1255,@kaefer
1256,@elevabr
1257,@arielautomoveis
1258,@ball
1259,@signprint
1260,@sky
1261,@soliluminacao
1262,@hy
1263,@voegol
1264,@serranasc
1265,@outloook
1266,@codevasf
1267,@etec
1268,@maximagem
1269,@uou
1270,@imperialcred
1271,@stoccoadm
1272,@solutiimoveis
1273,@mbsimoveiscuritiba
1274,@litoralplazaimoveis
1275,@limpsec
1276,@itenda
1277,@gefimoveis
1278,@jemedeirosconstrutora
1279,@fort3
1280,@googlemail
1281,@kozma
1282,@tjmg
1283,@cepreng
1284,@bahiaspeccell
1285,@barbedo
1286,@michielin
1287,@ufc
1288,@upm
1289,@globonew
1290,@simonehair
1291,@tha
1292,@contalex
1293,@habilar
1294,@wnetrj
1295,@labeca
1296,@mac
1297,@prevalecer
1298,@embraconbahia
1299,@mpba
1300,@ccaars
1301,@brementur
1302,@assossiacaopaonosso
1303,@arboreo
1304,@apoioaqui
1305,@advocaciaschmitz
1306,@servopa
1307,@deca
1308,@cesumar
1309,@mxns
1310,@pbh
1311,@doclabs
1312,@azacontabilidade
1313,@apo
1314,@consorciosne
1315,@facens
1316,@engenharia
1317,@triadeimoveis
1318,@executivehouse
1319,@toniello
1320,@rederodar
1321,@pmpf
1322,@radiadoresgirad
1323,@gruporca
1324,@unilab
1325,@furg
1326,@gskseguros
1327,@chesf
1328,@alexandreaugustoimoveis
1329,@technomedia
1330,@gpa
1331,@hidraulicasolutions
1332,@etcweb
1333,@santiagolima
1334,@sevalogistics
1335,@blucredi
1336,@lavitta
1337,@slclalimentos
1338,@enel
1339,@tutanota
1340,@novamerica
1341,@fameq
1342,@passosadm
1343,@opus
1344,@tycoelectronics
1345,@xnext
1346,@click
1347,@interair
1348,@ccard
1349,@agbcomunicacao
1350,@hcpa
1351,@leandroalencar
1352,@prolan
1353,@village
1354,@rosacruzincorporadora
1355,@jdlimoveis
1356,@grupoellite
1357,@vivaimovel
1358,@misturacontorno
1359,@jgodoiimoveis
1360,@grupourbans
1361,@centralimoveisforte
1362,@pm
1363,@ccnadvogados
1364,@mpgo
1365,@pesa
1366,@lsadvogados
1367,@nilpel
1368,@a
1369,@senff
